site,word_count,grade_level,comment_count
slowboring,2988,10.5,243
slowboring,3168,12.7,153
slowboring,2661,10.7,107
slowboring,2654,10.7,330
slowboring,1963,14.1,228
slowboring,2697,10.8,308
slowboring,1850,11.2,143
slowboring,1741,10.8,198
slowboring,2367,11.6,312
slowboring,2885,10.7,124
slowboring,3174,10.1,404
slowboring,2542,10.6,83
slowboring,628,12.6,81
slowboring,2776,10.8,282
slowboring,1815,11.8,91
slowboring,2061,10.3,126
slowboring,433,16.2,48
slowboring,3104,10.4,158
slowboring,3236,10.7,267
slowboring,1795,10.2,312
slowboring,2204,11.8,398
slowboring,1463,10.3,93
slowboring,1959,13.0,119
slowboring,2007,12.8,188
slowboring,2844,12.5,91
slowboring,2903,10.2,109
slowboring,2437,11.2,187
slowboring,3068,10.3,299
slowboring,2178,10.5,135
slowboring,852,11.6,247
slowboring,2245,11.6,196
slowboring,1479,9.1,151
slowboring,726,11.9,189
slowboring,3162,12.1,156
slowboring,2538,11.6,212
slowboring,1439,10.2,209
slowboring,2156,12.1,318
slowboring,2633,10.9,280
slowboring,2666,10.9,184
slowboring,2243,12.8,342
slowboring,2399,12.2,220
slowboring,2975,12.1,279
slowboring,2916,11.7,141
slowboring,3692,11.8,342
slowboring,1829,9.9,247
slowboring,1017,9.5,362
slowboring,3262,13.2,303
slowboring,2177,10.8,296
slowboring,3088,9.4,249
slowboring,2565,13.6,271
slowboring,1972,10.5,412
slowboring,717,10.8,107
slowboring,1151,11.1,135
slowboring,3080,10.2,256
slowboring,457,11.5,73
slowboring,2363,10.2,318
slowboring,1256,9.8,257
slowboring,2367,10.1,332
slowboring,3481,13.3,390
slowboring,3756,11.5,390
slowboring,2767,11.7,265
slowboring,2156,10.4,278
slowboring,1702,9.9,486
slowboring,2886,11.5,472
slowboring,1411,10.7,311
slowboring,1881,9.9,277
slowboring,2725,12.1,188
slowboring,1465,11.5,188
slowboring,2791,13.9,383
slowboring,2331,11.7,180
slowboring,1282,10.0,208
slowboring,3725,10.3,158
slowboring,2027,11.9,177
slowboring,3678,12.3,171
slowboring,2972,11.8,359
slowboring,1775,10.7,55
slowboring,1938,13.2,378
slowboring,1128,9.7,181
slowboring,3020,11.7,375
slowboring,3868,12.5,458
slowboring,2109,11.9,253
slowboring,2331,12.4,371
slowboring,2096,10.3,219
slowboring,1840,10.8,275
slowboring,967,9.7,180
slowboring,2306,10.7,245
slowboring,1414,12.1,75
slowboring,2764,11.1,256
slowboring,2144,8.6,252
slowboring,2271,11.7,212
slowboring,2975,11.0,214
slowboring,580,13.2,232
slowboring,2618,8.5,86
slowboring,3818,12.7,192
slowboring,3773,11.4,440
slowboring,4349,11.0,234
slowboring,2228,11.2,247
slowboring,2505,11.1,367
slowboring,897,9.8,176
slowboring,3355,9.3,456
slowboring,2313,8.7,162
slowboring,2262,9.6,164
slowboring,1852,8.3,235
slowboring,1552,10.7,195
slowboring,3142,9.9,428
slowboring,2954,10.3,224
slowboring,2269,10.6,134
slowboring,2413,10.0,111
slowboring,1082,10.2,413
slowboring,2245,11.0,253
slowboring,3091,11.1,407
slowboring,3434,8.7,207
slowboring,2860,11.4,116
slowboring,2585,10.5,438
slowboring,1798,7.6,271
slowboring,2005,10.7,144
slowboring,1506,10.6,248
slowboring,1807,10.3,317
slowboring,1634,10.2,92
slowboring,2016,10.3,209
slowboring,2625,12.9,521
slowboring,1442,12.6,175
slowboring,2423,9.5,257
slowboring,1161,11.4,139
slowboring,2484,11.1,304
slowboring,2622,9.7,216
slowboring,1755,10.5,136
slowboring,3427,10.9,303
slowboring,2647,10.0,163
slowboring,3273,11.4,189
slowboring,2595,10.5,85
slowboring,2656,9.9,161
slowboring,1019,9.4,167
slowboring,1604,11.5,88
slowboring,3085,9.7,305
slowboring,2811,10.9,137
slowboring,3394,11.0,329
slowboring,1976,9.1,425
slowboring,1107,11.8,150
slowboring,3035,11.2,267
slowboring,1470,9.8,159
slowboring,2718,11.9,167
slowboring,3230,11.7,360
slowboring,1090,11.6,43
slowboring,3512,12.1,420
slowboring,1719,11.0,221
slowboring,2395,11.7,68
slowboring,2455,10.0,228
slowboring,2324,8.9,141
slowboring,2110,10.1,179
slowboring,1046,10.1,258
slowboring,2587,12.1,380
slowboring,2632,9.2,263
slowboring,3542,10.6,157
slowboring,2444,10.0,484
slowboring,2481,10.4,110
slowboring,2669,10.6,401
slowboring,2850,11.8,249
slowboring,2598,10.8,85
slowboring,1554,9.8,479
slowboring,3275,11.3,119
slowboring,3202,11.5,333
slowboring,1917,10.5,256
slowboring,2204,10.9,392
slowboring,4265,11.1,484
slowboring,2130,11.2,303
slowboring,3720,10.9,299
slowboring,2342,11.2,318
slowboring,819,7.6,196
slowboring,2729,9.8,242
slowboring,3109,11.4,186
slowboring,2779,11.0,530
slowboring,2664,8.7,203
slowboring,851,9.7,107
slowboring,2033,10.5,167
slowboring,3497,10.5,289
slowboring,2522,9.9,95
slowboring,2670,10.7,331
slowboring,2645,11.9,326
slowboring,3550,9.0,110
slowboring,2158,11.6,334
slowboring,2536,11.4,188
slowboring,4134,11.6,276
slowboring,2795,10.3,388
slowboring,2060,13.0,290
slowboring,2315,11.2,192
slowboring,1976,10.7,146
slowboring,932,10.0,62
slowboring,1246,14.1,158
slowboring,258,10.1,39
slowboring,2182,9.6,165
slowboring,1309,10.5,147
slowboring,2120,11.2,175
slowboring,1011,10.5,98
slowboring,2935,12.4,528
slowboring,2742,12.4,226
slowboring,3002,9.6,265
slowboring,2633,11.3,107
slowboring,1676,9.8,120
slowboring,2272,10.5,231
slowboring,2573,11.6,319
slowboring,2991,12.3,382
slowboring,573,9.7,24
slowboring,2558,9.9,229
slowboring,1538,11.9,97
slowboring,1661,10.5,204
slowboring,2372,11.9,134
slowboring,2198,9.3,106
slowboring,2680,9.8,256
slowboring,1657,11.0,203
slowboring,2459,10.3,208
slowboring,1928,10.8,320
slowboring,3053,11.4,211
slowboring,1976,10.1,327
slowboring,2279,12.2,230
slowboring,3389,10.4,483
slowboring,1506,9.6,434
slowboring,2601,9.9,68
slowboring,2011,10.7,81
slowboring,2084,9.2,241
slowboring,2346,10.4,189
slowboring,2381,10.2,354
slowboring,2322,11.2,398
slowboring,2245,10.3,225
slowboring,3019,11.1,316
slowboring,2763,10.8,216
slowboring,3459,11.2,431
slowboring,1679,9.4,107
slowboring,2320,10.8,179
slowboring,3296,11.0,236
slowboring,6,0.9,94
slowboring,2166,8.3,310
slowboring,2102,10.1,418
slowboring,2112,9.4,273
slowboring,2332,10.7,156
slowboring,2482,10.9,156
slowboring,2492,9.4,337
slowboring,1869,8.8,191
slowboring,2048,10.1,183
slowboring,2583,9.8,233
slowboring,832,13.0,129
slowboring,2310,10.9,263
slowboring,1910,11.2,72
slowboring,1923,10.9,236
slowboring,2724,10.8,168
slowboring,1729,10.0,163
slowboring,1696,12.7,132
slowboring,1900,10.3,286
slowboring,1796,11.2,211
slowboring,2658,10.1,136
slowboring,2573,11.0,148
slowboring,1929,8.7,147
slowboring,790,8.4,341
slowboring,1470,9.6,352
slowboring,2414,9.9,166
slowboring,1914,9.0,71
slowboring,1873,11.8,191
slowboring,1963,10.2,445
slowboring,1406,10.7,333
slowboring,1964,11.6,475
slowboring,1248,10.1,416
slowboring,1812,8.6,303
slowboring,2390,13.7,98
slowboring,1667,12.3,227
slowboring,1750,11.9,254
slowboring,2307,10.0,245
slowboring,3045,13.1,58
slowboring,1911,9.8,301
slowboring,10778,10.1,30
slowboring,1868,9.8,321
slowboring,1417,10.5,165
slowboring,2141,9.9,264
slowboring,2047,11.1,128
slowboring,2543,11.4,141
slowboring,1581,11.0,300
slowboring,2017,10.7,232
slowboring,2155,11.4,203
slowboring,2230,10.0,243
slowboring,2079,10.5,176
slowboring,1866,10.2,621
slowboring,702,9.4,220
slowboring,1872,9.7,483
slowboring,1609,11.3,317
slowboring,2527,11.5,145
slowboring,2430,12.5,169
slowboring,2026,11.9,265
slowboring,2278,9.9,134
slowboring,1655,11.6,298
slowboring,2212,11.8,136
slowboring,1903,11.4,140
slowboring,1178,13.0,463
slowboring,1978,9.0,269
slowboring,2656,13.5,87
slowboring,2476,12.8,417
slowboring,2212,12.0,154
slowboring,2148,11.2,608
slowboring,2134,11.4,438
slowboring,1943,10.7,251
slowboring,30,4.2,65
slowboring,2073,10.5,201
slowboring,2161,12.8,295
slowboring,2485,10.1,247
slowboring,2570,10.5,140
slowboring,2604,13.0,316
slowboring,2533,12.2,257
slowboring,3081,13.7,107
slowboring,426,12.7,87
slowboring,1825,9.6,92
slowboring,2141,10.3,291
slowboring,2487,11.7,300
slowboring,2000,11.2,152
slowboring,2411,10.7,135
slowboring,1583,12.1,193
slowboring,1558,12.0,310
slowboring,2225,11.6,210
slowboring,1263,11.5,162
slowboring,1814,10.3,139
slowboring,2473,12.1,143
slowboring,2768,9.7,146
slowboring,2595,12.2,408
slowboring,2104,12.2,361
slowboring,2636,13.2,86
slowboring,2104,10.9,153
slowboring,1470,11.2,84
slowboring,3213,13.8,258
slowboring,2706,10.8,235
slowboring,2824,10.6,437
slowboring,1858,8.9,101
slowboring,2378,10.6,182
slowboring,2394,8.4,163
slowboring,2145,10.2,401
slowboring,2037,10.1,319
slowboring,1468,10.2,209
slowboring,3509,11.3,296
slowboring,2288,11.6,207
slowboring,779,12.0,111
slowboring,3006,9.7,208
slowboring,2518,10.3,225
slowboring,2121,12.4,308
slowboring,1786,10.3,508
slowboring,2090,11.8,326
slowboring,2567,10.5,442
slowboring,1416,9.7,280
slowboring,1403,11.4,214
slowboring,1811,10.7,237
slowboring,620,10.4,171
slowboring,2018,10.3,161
slowboring,228,13.4,1034
slowboring,1801,10.3,326
slowboring,1613,8.8,268
slowboring,2612,11.2,166
slowboring,3075,9.9,301
slowboring,1857,10.2,238
slowboring,3931,8.8,239
slowboring,2095,10.5,347
slowboring,2109,12.1,172
slowboring,2973,9.9,146
slowboring,2621,10.3,665
slowboring,2530,9.9,136
slowboring,2539,12.2,360
slowboring,2066,10.1,270
slowboring,3721,10.6,464
slowboring,2265,9.8,218
slowboring,2674,9.8,202
slowboring,2255,10.5,110
slowboring,2647,11.2,261
slowboring,2783,9.4,328
slowboring,3045,10.3,219
slowboring,1462,12.5,365
slowboring,2535,12.9,162
slowboring,3138,11.5,191
slowboring,2569,10.3,357
slowboring,2365,9.7,358
slowboring,2847,10.6,230
slowboring,2270,11.1,252
slowboring,1466,12.2,243
slowboring,247,10.9,100
slowboring,3532,9.1,148
slowboring,1972,11.6,101
slowboring,2044,9.2,392
slowboring,2928,11.2,188
slowboring,2681,11.6,267
slowboring,4277,10.8,154
slowboring,2897,10.3,254
slowboring,2907,12.2,263
slowboring,2887,11.0,139
slowboring,2266,10.7,74
slowboring,4193,10.8,157
slowboring,2108,11.2,160
slowboring,3333,11.2,110
slowboring,2013,12.2,97
slowboring,2353,12.3,223
slowboring,4819,10.6,203
slowboring,2097,10.1,77
slowboring,1853,12.1,261
slowboring,1982,10.3,161
slowboring,2038,12.0,210
slowboring,2565,11.4,183
slowboring,1657,10.7,160
slowboring,2048,10.1,341
slowboring,1324,14.2,169
slowboring,3199,11.9,156
slowboring,2503,11.1,302
slowboring,1875,10.6,206
slowboring,4333,9.3,164
slowboring,2093,10.5,115
slowboring,1999,10.6,236
slowboring,2301,10.4,132
slowboring,2720,12.3,125
slowboring,2811,10.2,260
slowboring,3289,10.5,186
slowboring,1179,8.7,381
slowboring,3368,11.7,175
slowboring,3803,11.0,219
slowboring,2326,11.0,248
slowboring,2115,11.4,212
slowboring,1959,12.3,80
slowboring,2984,12.6,447
slowboring,2040,13.3,421
slowboring,2255,12.2,259
slowboring,4158,10.7,300
slowboring,2440,11.9,319
slowboring,2272,10.3,216
slowboring,1807,11.2,115
slowboring,1621,10.9,271
slowboring,3189,10.4,224
slowboring,1928,10.3,213
slowboring,1996,13.5,190
slowboring,2817,13.1,217
slowboring,1653,8.3,149
slowboring,3510,10.9,336
slowboring,2089,10.8,369
slowboring,1871,9.1,148
slowboring,2720,13.2,146
slowboring,3871,11.0,262
slowboring,2224,8.0,266
slowboring,2047,11.7,148
slowboring,1867,11.4,130
slowboring,424,12.9,6
slowboring,1934,12.4,231
slowboring,2261,12.3,199
slowboring,3350,11.0,187
slowboring,2482,12.6,384
slowboring,2810,11.0,122
slowboring,2958,11.5,292
slowboring,2942,13.0,439
slowboring,2259,10.7,654
slowboring,2969,10.7,148
slowboring,2642,11.1,338
slowboring,2079,11.0,158
slowboring,2810,11.0,210
slowboring,1876,11.0,232
slowboring,1895,10.5,283
slowboring,2312,13.3,277
slowboring,2493,13.1,257
slowboring,2874,8.6,182
slowboring,2241,10.9,223
slowboring,2415,11.2,335
slowboring,1624,11.2,85
slowboring,2264,10.3,218
slowboring,58,7.3,3
slowboring,2800,10.7,189
slowboring,1803,10.9,406
slowboring,3053,11.2,265
slowboring,2046,13.7,305
slowboring,299,12.7,210
slowboring,2477,10.9,78
slowboring,3447,10.5,436
slowboring,2686,10.3,186
slowboring,1803,10.0,506
slowboring,2447,9.5,201
slowboring,2378,11.7,367
slowboring,2007,9.3,235
slowboring,3704,8.7,673
slowboring,1813,11.5,519
slowboring,1800,10.0,203
slowboring,2068,9.8,242
slowboring,2975,10.5,598
slowboring,705,11.9,162
slowboring,2063,9.9,183
slowboring,2479,10.3,407
slowboring,1531,10.3,130
slowboring,2736,9.6,364
slowboring,985,10.7,502
slowboring,3659,11.5,271
slowboring,2325,12.7,95
slowboring,3588,10.5,434
slowboring,2895,11.2,179
slowboring,1826,12.9,244
slowboring,4405,10.5,334
slowboring,2636,12.4,240
slowboring,3836,11.2,237
slowboring,2647,12.3,292
slowboring,2104,9.8,393
slowboring,2346,10.8,292
slowboring,3546,10.3,293
slowboring,2102,12.2,324
slowboring,1770,12.3,497
slowboring,2525,10.8,313
slowboring,2103,12.3,195
slowboring,2128,10.9,194
slowboring,5325,11.0,383
slowboring,2561,12.3,320
slowboring,2761,11.7,506
slowboring,3434,10.8,298
slowboring,2034,11.6,476
slowboring,2060,11.4,333
slowboring,2439,11.0,172
slowboring,1744,9.8,366
slowboring,4216,10.1,292
slowboring,2216,11.5,308
slowboring,2301,10.5,301
slowboring,2235,11.5,182
slowboring,1521,12.5,372
slowboring,3789,10.4,275
slowboring,52,6.5,27
slowboring,2500,11.8,320
slowboring,1928,12.2,377
slowboring,1850,10.2,268
slowboring,2102,15.3,357
slowboring,270,9.3,14
slowboring,2434,10.5,218
slowboring,1479,14.7,90
slowboring,1698,10.5,276
slowboring,2607,10.2,212
slowboring,2300,11.6,430
slowboring,1858,9.2,200
slowboring,3521,10.1,308
slowboring,3366,12.8,426
slowboring,3036,10.8,208
slowboring,2616,11.4,120
slowboring,1875,13.5,316
slowboring,3297,10.5,465
slowboring,2344,11.0,208
slowboring,1677,12.5,220
slowboring,2046,10.8,224
slowboring,3022,10.3,385
slowboring,2026,11.3,400
slowboring,3223,9.8,293
slowboring,2028,12.2,431
slowboring,2326,9.2,265
slowboring,2606,13.0,228
slowboring,248,9.2,6
slowboring,1896,12.2,67
slowboring,1256,12.4,157
slowboring,2913,11.0,158
slowboring,2017,11.2,259
slowboring,3493,10.3,441
slowboring,2175,10.6,255
slowboring,1974,10.0,242
slowboring,2886,11.1,343
slowboring,2120,12.8,259
slowboring,2230,10.8,219
slowboring,2498,10.4,306
slowboring,3168,11.5,545
slowboring,3641,9.6,67
slowboring,2176,11.3,402
slowboring,5412,9.6,51
slowboring,2178,11.3,227
slowboring,3543,10.6,267
slowboring,2433,11.0,364
slowboring,2291,10.7,493
slowboring,2530,10.3,149
slowboring,2301,10.7,376
slowboring,3781,9.9,301
slowboring,2296,10.8,312
slowboring,3951,10.7,369
slowboring,2050,10.0,298
slowboring,362,11.8,194
slowboring,3253,12.6,276
slowboring,2171,10.1,258
slowboring,2771,11.4,538
slowboring,2733,10.4,261
slowboring,1978,11.2,205
slowboring,2345,10.7,228
slowboring,2292,11.5,113
slowboring,182,11.1,67
slowboring,3515,11.3,257
slowboring,2408,11.2,252
slowboring,2204,12.0,144
slowboring,2647,12.5,215
slowboring,2252,14.0,163
slowboring,4388,11.3,525
slowboring,2390,11.8,402
slowboring,2978,11.7,122
slowboring,2713,12.1,450
slowboring,1684,11.9,312
slowboring,2463,8.5,256
slowboring,3894,11.7,383
slowboring,2281,11.0,237
slowboring,2286,10.1,228
slowboring,1919,12.3,698
slowboring,2564,11.0,247
slowboring,4093,10.6,465
slowboring,1926,10.7,151
freddiedeboer,4615,9.4,7
freddiedeboer,464,7.6,0
freddiedeboer,1309,8.8,3
freddiedeboer,4036,10.9,164
freddiedeboer,1186,8.0,32
freddiedeboer,2628,10.5,0
freddiedeboer,1875,7.8,1
freddiedeboer,1814,10.5,0
freddiedeboer,2800,9.5,3
freddiedeboer,1788,9.9,0
freddiedeboer,1350,7.9,0
freddiedeboer,1345,12.6,143
freddiedeboer,4580,9.8,4
freddiedeboer,3055,11.9,0
freddiedeboer,2025,12.7,0
freddiedeboer,926,11.1,0
freddiedeboer,366,8.1,0
freddiedeboer,822,11.0,0
freddiedeboer,360,13.9,0
freddiedeboer,347,11.1,0
freddiedeboer,1594,10.1,0
freddiedeboer,351,10.1,0
freddiedeboer,5952,12.0,2
freddiedeboer,2316,10.8,0
freddiedeboer,2074,10.5,0
freddiedeboer,2501,8.7,0
freddiedeboer,660,9.5,1
freddiedeboer,1199,10.3,1
freddiedeboer,1544,8.0,0
freddiedeboer,436,13.0,0
freddiedeboer,324,8.6,0
freddiedeboer,58,5.5,0
freddiedeboer,924,14.9,0
freddiedeboer,403,11.6,0
freddiedeboer,1904,12.1,0
freddiedeboer,1171,10.8,0
freddiedeboer,238,14.8,0
freddiedeboer,2523,13.1,1
freddiedeboer,601,11.9,0
freddiedeboer,2116,9.4,0
freddiedeboer,1780,11.0,0
freddiedeboer,2173,10.7,0
freddiedeboer,2230,11.2,0
freddiedeboer,766,16.9,0
freddiedeboer,1324,9.9,0
freddiedeboer,1176,13.2,0
freddiedeboer,1633,11.3,0
freddiedeboer,210,6.4,0
freddiedeboer,2447,10.2,0
freddiedeboer,1135,13.3,0
freddiedeboer,1314,10.6,0
freddiedeboer,256,5.0,0
freddiedeboer,732,7.7,0
freddiedeboer,1487,11.5,0
freddiedeboer,1071,10.9,3
freddiedeboer,1253,12.1,4
freddiedeboer,693,11.6,0
freddiedeboer,719,11.2,0
freddiedeboer,197,6.8,0
freddiedeboer,684,10.2,0
freddiedeboer,3247,11.2,0
freddiedeboer,1328,9.4,0
freddiedeboer,1179,12.3,0
freddiedeboer,1305,11.8,0
freddiedeboer,934,11.4,0
freddiedeboer,14,5.2,0
freddiedeboer,61,8.1,0
freddiedeboer,2723,10.5,0
freddiedeboer,2790,13.1,0
freddiedeboer,1451,12.9,0
freddiedeboer,792,17.8,0
freddiedeboer,1091,12.6,0
freddiedeboer,1003,11.2,0
freddiedeboer,2828,14.9,0
freddiedeboer,1310,12.2,0
freddiedeboer,1071,13.2,0
freddiedeboer,894,13.2,0
freddiedeboer,575,9.2,0
freddiedeboer,928,10.1,0
freddiedeboer,569,11.7,0
freddiedeboer,859,14.4,0
freddiedeboer,1342,13.0,0
freddiedeboer,882,8.0,0
freddiedeboer,1186,13.5,0
freddiedeboer,331,9.7,0
freddiedeboer,165,7.9,0
freddiedeboer,4119,5.7,0
freddiedeboer,529,10.7,0
freddiedeboer,1502,11.0,0
freddiedeboer,1,-15.7,0
freddiedeboer,1622,11.3,7
freddiedeboer,1710,6.7,0
freddiedeboer,635,6.4,0
freddiedeboer,206,6.4,0
freddiedeboer,184,4.5,0
freddiedeboer,3333,9.2,1
freddiedeboer,249,8.4,0
freddiedeboer,444,6.1,0
freddiedeboer,1490,9.6,1
freddiedeboer,43,6.5,0
freddiedeboer,23,4.2,0
freddiedeboer,462,8.3,0
freddiedeboer,145,12.7,0
freddiedeboer,800,9.9,0
freddiedeboer,619,10.4,0
freddiedeboer,969,11.7,0
freddiedeboer,172,10.5,0
freddiedeboer,150,5.8,0
freddiedeboer,546,5.4,0
freddiedeboer,611,8.2,0
freddiedeboer,820,11.5,0
freddiedeboer,481,10.6,0
freddiedeboer,125,10.5,0
freddiedeboer,492,7.9,5
freddiedeboer,16,8.0,1
freddiedeboer,402,8.0,0
freddiedeboer,568,9.7,0
freddiedeboer,777,6.6,0
freddiedeboer,103,6.6,0
freddiedeboer,848,9.4,0
freddiedeboer,1066,10.1,13
freddiedeboer,638,8.7,0
freddiedeboer,17,6.4,0
freddiedeboer,708,10.7,5
freddiedeboer,708,7.2,11
freddiedeboer,1543,8.0,0
freddiedeboer,673,11.5,0
freddiedeboer,547,11.5,0
freddiedeboer,1368,9.7,1
freddiedeboer,248,13.7,0
freddiedeboer,299,9.0,0
freddiedeboer,1952,9.8,0
freddiedeboer,2372,10.0,0
freddiedeboer,1258,12.0,0
freddiedeboer,826,9.6,1
freddiedeboer,550,7.1,2
freddiedeboer,1142,11.4,1
freddiedeboer,2164,9.6,6
freddiedeboer,4081,12.2,50
freddiedeboer,4860,11.5,1
freddiedeboer,1880,7.8,4
freddiedeboer,2117,11.5,0
freddiedeboer,2751,9.7,10
freddiedeboer,3189,11.9,3
freddiedeboer,418,6.5,0
freddiedeboer,8266,11.7,46
freddiedeboer,3878,12.2,80
freddiedeboer,1617,9.8,33
freddiedeboer,3060,11.6,38
freddiedeboer,730,7.9,0
freddiedeboer,1308,11.0,26
freddiedeboer,3525,7.8,38
freddiedeboer,1580,10.5,44
freddiedeboer,1349,13.9,9
freddiedeboer,971,11.9,36
freddiedeboer,4612,9.2,33
freddiedeboer,2504,8.5,9
freddiedeboer,1483,10.1,0
freddiedeboer,926,7.1,42
freddiedeboer,3663,8.6,0
freddiedeboer,486,7.3,90
freddiedeboer,4230,7.8,36
freddiedeboer,3986,11.0,29
freddiedeboer,2308,6.7,123
freddiedeboer,2422,8.6,163
freddiedeboer,323,6.9,30
freddiedeboer,1875,13.4,95
freddiedeboer,1837,8.5,43
freddiedeboer,2914,10.1,118
freddiedeboer,2682,11.5,45
freddiedeboer,301,6.8,0
freddiedeboer,2932,9.4,49
freddiedeboer,1138,8.9,0
freddiedeboer,1766,8.4,34
freddiedeboer,2575,9.9,5
freddiedeboer,866,8.8,12
freddiedeboer,2199,8.3,29
freddiedeboer,1364,8.4,0
freddiedeboer,949,9.5,65
freddiedeboer,2599,10.4,11
freddiedeboer,2319,9.7,312
freddiedeboer,2840,13.0,84
freddiedeboer,1896,7.4,25
freddiedeboer,2842,10.4,29
freddiedeboer,3485,11.2,135
freddiedeboer,478,9.7,14
freddiedeboer,1907,13.3,60
freddiedeboer,1891,8.7,73
freddiedeboer,2388,10.6,141
freddiedeboer,1559,8.4,8
freddiedeboer,3079,8.6,40
freddiedeboer,3711,11.5,85
freddiedeboer,3456,10.8,42
freddiedeboer,934,7.0,0
freddiedeboer,2966,11.4,11
freddiedeboer,3205,12.3,101
freddiedeboer,1101,8.7,22
freddiedeboer,746,9.2,142
freddiedeboer,3456,10.8,37
freddiedeboer,3259,8.5,14
freddiedeboer,1234,9.5,0
freddiedeboer,5449,12.2,105
freddiedeboer,2943,8.8,15
freddiedeboer,5079,10.5,106
freddiedeboer,2043,9.8,18
freddiedeboer,1710,10.2,260
freddiedeboer,1275,8.7,109
freddiedeboer,4077,10.4,93
freddiedeboer,4615,10.1,20
freddiedeboer,3953,9.0,57
freddiedeboer,1588,8.0,334
freddiedeboer,3083,10.5,40
freddiedeboer,560,7.7,59
freddiedeboer,1379,10.2,14
freddiedeboer,6107,7.4,0
freddiedeboer,1261,9.1,4
freddiedeboer,786,8.4,175
freddiedeboer,798,10.5,96
freddiedeboer,2336,14.7,109
freddiedeboer,2206,8.7,16
freddiedeboer,678,12.4,53
freddiedeboer,3764,12.8,46
freddiedeboer,2751,12.1,34
freddiedeboer,939,17.4,67
freddiedeboer,251,9.7,0
freddiedeboer,3750,13.0,68
freddiedeboer,2096,13.2,25
freddiedeboer,1553,10.5,5
freddiedeboer,1268,11.6,105
freddiedeboer,203,8.8,7
freddiedeboer,2149,8.1,59
freddiedeboer,1085,8.4,15
freddiedeboer,2825,13.5,141
freddiedeboer,889,9.4,48
freddiedeboer,5177,8.4,30
freddiedeboer,1278,10.5,14
freddiedeboer,1448,11.6,90
freddiedeboer,3162,10.4,109
freddiedeboer,2143,8.6,50
freddiedeboer,5551,9.0,0
freddiedeboer,662,9.5,5
freddiedeboer,3880,12.1,183
freddiedeboer,3466,5.7,0
freddiedeboer,3213,11.2,65
freddiedeboer,2212,10.7,53
freddiedeboer,3059,8.5,17
freddiedeboer,1608,12.1,9
freddiedeboer,2157,12.4,77
freddiedeboer,562,9.6,77
freddiedeboer,2089,9.2,132
freddiedeboer,1651,6.8,0
freddiedeboer,2135,9.5,123
freddiedeboer,1287,10.4,9
freddiedeboer,1515,11.5,73
freddiedeboer,3483,9.0,75
freddiedeboer,2981,11.3,97
freddiedeboer,939,9.4,14
freddiedeboer,240,8.7,0
freddiedeboer,1655,12.4,45
freddiedeboer,1686,4.5,0
freddiedeboer,4944,8.5,52
freddiedeboer,1940,10.7,87
freddiedeboer,1226,7.6,8
freddiedeboer,909,11.0,76
freddiedeboer,1582,9.2,0
freddiedeboer,2105,10.1,205
freddiedeboer,1291,11.9,96
freddiedeboer,2253,10.9,77
freddiedeboer,1358,4.4,125
freddiedeboer,1234,9.5,22
freddiedeboer,2475,11.7,125
freddiedeboer,2362,11.8,36
freddiedeboer,1424,5.7,0
freddiedeboer,967,8.6,230
freddiedeboer,1615,10.6,139
freddiedeboer,1239,10.2,25
freddiedeboer,2235,9.4,55
freddiedeboer,2718,12.0,196
freddiedeboer,1705,7.2,0
freddiedeboer,727,12.6,40
freddiedeboer,1872,5.3,0
freddiedeboer,1956,9.5,29
freddiedeboer,693,9.4,151
freddiedeboer,2021,11.7,133
freddiedeboer,613,9.2,23
freddiedeboer,3190,5.1,0
freddiedeboer,2406,13.1,116
freddiedeboer,1567,8.3,24
freddiedeboer,515,8.1,20
freddiedeboer,2224,10.6,178
freddiedeboer,541,8.9,6
freddiedeboer,3481,11.1,223
freddiedeboer,879,8.4,9
freddiedeboer,1835,11.9,129
freddiedeboer,784,9.2,31
freddiedeboer,1211,9.6,62
freddiedeboer,3614,9.9,147
freddiedeboer,2273,10.3,18
freddiedeboer,669,6.3,0
freddiedeboer,1665,11.0,157
freddiedeboer,2209,8.5,166
freddiedeboer,1237,9.4,90
freddiedeboer,1623,11.7,306
freddiedeboer,4222,12.9,315
freddiedeboer,1944,3.8,0
freddiedeboer,1897,10.9,99
freddiedeboer,1202,10.1,24
freddiedeboer,540,9.6,129
freddiedeboer,1183,8.5,0
freddiedeboer,1704,4.5,0
freddiedeboer,2287,10.2,202
freddiedeboer,1064,9.4,29
freddiedeboer,1459,11.4,321
freddiedeboer,1915,7.5,0
freddiedeboer,895,9.5,13
freddiedeboer,960,9.2,134
freddiedeboer,2653,10.2,127
freddiedeboer,1014,8.8,43
freddiedeboer,1535,5.7,0
freddiedeboer,1202,8.8,101
freddiedeboer,1153,9.9,7
freddiedeboer,1413,9.1,54
freddiedeboer,1924,9.5,134
freddiedeboer,2812,11.8,228
freddiedeboer,5297,11.3,0
freddiedeboer,1934,7.8,83
freddiedeboer,2099,7.8,56
freddiedeboer,4050,8.1,20
freddiedeboer,2602,6.0,0
freddiedeboer,4299,8.7,208
freddiedeboer,590,7.9,124
freddiedeboer,483,8.6,72
freddiedeboer,526,6.3,68
freddiedeboer,537,10.5,108
freddiedeboer,708,9.4,173
freddiedeboer,1532,12.1,29
freddiedeboer,502,9.1,52
freddiedeboer,2700,9.0,359
freddiedeboer,4503,11.3,298
freddiedeboer,994,8.1,13
freddiedeboer,5544,12.3,18
freddiedeboer,1354,12.0,194
freddiedeboer,1234,10.2,65
freddiedeboer,1596,10.2,239
freddiedeboer,455,8.2,388
freddiedeboer,961,13.9,48
freddiedeboer,830,8.6,13
freddiedeboer,2593,13.0,110
freddiedeboer,1851,12.4,90
freddiedeboer,553,8.4,372
freddiedeboer,129,13.5,36
freddiedeboer,335,7.4,133
freddiedeboer,1426,11.0,63
freddiedeboer,1391,10.1,414
freddiedeboer,1605,7.3,0
freddiedeboer,1567,10.0,100
freddiedeboer,1691,8.8,22
freddiedeboer,3302,7.3,100
freddiedeboer,1094,9.8,47
freddiedeboer,504,9.1,80
freddiedeboer,1335,9.3,75
freddiedeboer,1217,8.7,36
freddiedeboer,2546,10.6,0
freddiedeboer,1681,10.2,40
freddiedeboer,114,13.4,44
freddiedeboer,861,7.9,43
freddiedeboer,2191,10.1,250
freddiedeboer,1122,8.1,16
freddiedeboer,453,10.2,0
freddiedeboer,2546,9.4,314
freddiedeboer,845,9.6,42
freddiedeboer,3099,16.3,273
freddiedeboer,235,6.8,7
freddiedeboer,1261,11.2,141
freddiedeboer,1325,9.5,40
freddiedeboer,2059,11.9,275
freddiedeboer,532,9.8,237
freddiedeboer,2073,11.4,108
freddiedeboer,4822,9.0,146
freddiedeboer,1052,9.0,60
freddiedeboer,659,7.4,34
freddiedeboer,2466,9.3,255
freddiedeboer,2850,8.3,104
freddiedeboer,2678,4.9,0
freddiedeboer,2974,10.7,617
freddiedeboer,6674,8.0,102
freddiedeboer,2846,7.7,161
freddiedeboer,1660,9.7,167
freddiedeboer,1279,10.8,11
freddiedeboer,627,7.1,13
freddiedeboer,1427,11.0,334
freddiedeboer,644,9.2,12
freddiedeboer,2025,9.2,0
freddiedeboer,3910,12.0,384
freddiedeboer,2333,10.1,268
freddiedeboer,2379,10.7,107
freddiedeboer,1367,9.8,191
freddiedeboer,1023,8.9,324
freddiedeboer,2103,9.5,228
freddiedeboer,1484,10.5,434
freddiedeboer,547,7.6,171
freddiedeboer,1973,10.0,123
freddiedeboer,1772,9.2,78
freddiedeboer,989,11.0,116
freddiedeboer,2624,8.8,70
freddiedeboer,3009,9.4,76
freddiedeboer,1629,10.3,89
freddiedeboer,1018,7.4,29
freddiedeboer,2570,9.9,0
freddiedeboer,2659,9.9,260
freddiedeboer,608,8.8,67
freddiedeboer,1143,9.7,45
freddiedeboer,738,6.7,11
freddiedeboer,1740,11.2,345
freddiedeboer,1395,8.6,295
freddiedeboer,1177,10.1,241
freddiedeboer,1523,12.6,0
freddiedeboer,2293,11.0,435
freddiedeboer,1056,8.5,61
freddiedeboer,799,7.7,19
freddiedeboer,1365,9.5,79
freddiedeboer,1,-15.7,36
freddiedeboer,1162,7.6,243
freddiedeboer,1914,10.4,255
freddiedeboer,295,11.0,32
freddiedeboer,1722,8.6,88
freddiedeboer,756,8.7,58
freddiedeboer,1275,11.0,190
freddiedeboer,816,8.7,59
freddiedeboer,232,8.5,125
freddiedeboer,1671,11.3,210
freddiedeboer,1299,11.0,51
freddiedeboer,875,13.5,438
freddiedeboer,1964,9.5,268
freddiedeboer,3546,7.6,83
freddiedeboer,537,10.5,124
freddiedeboer,2179,7.9,114
freddiedeboer,2279,10.2,303
freddiedeboer,581,9.3,11
freddiedeboer,581,6.6,60
freddiedeboer,70,8.8,136
freddiedeboer,854,7.1,128
freddiedeboer,1719,12.1,444
freddiedeboer,283,8.3,0
freddiedeboer,1646,8.3,155
freddiedeboer,1630,10.7,359
freddiedeboer,444,8.1,250
freddiedeboer,639,10.5,28
freddiedeboer,357,9.6,350
freddiedeboer,742,7.9,22
freddiedeboer,941,12.4,50
freddiedeboer,4029,5.6,0
freddiedeboer,1181,12.5,399
freddiedeboer,1232,9.1,77
freddiedeboer,1033,9.5,57
freddiedeboer,2406,12.2,308
freddiedeboer,744,9.7,24
freddiedeboer,898,9.0,81
freddiedeboer,1048,9.0,39
freddiedeboer,851,7.7,515
freddiedeboer,1932,4.0,0
freddiedeboer,786,10.1,32
freddiedeboer,1988,11.4,483
freddiedeboer,1337,11.5,153
freddiedeboer,647,10.5,258
freddiedeboer,586,6.1,41
freddiedeboer,763,7.9,45
freddiedeboer,672,11.1,28
freddiedeboer,544,8.7,0
freddiedeboer,1901,9.7,345
freddiedeboer,575,8.6,12
freddiedeboer,518,10.1,384
freddiedeboer,1867,10.3,217
freddiedeboer,1081,8.2,293
freddiedeboer,6841,11.4,303
freddiedeboer,1112,9.0,103
freddiedeboer,1189,10.8,663
freddiedeboer,2755,8.8,122
freddiedeboer,149,8.1,90
freddiedeboer,1699,10.4,469
freddiedeboer,2039,11.5,64
freddiedeboer,1805,9.8,466
freddiedeboer,1668,9.0,110
freddiedeboer,1028,10.5,58
freddiedeboer,2137,10.1,30
freddiedeboer,2143,9.7,98
freddiedeboer,423,9.2,66
freddiedeboer,1450,11.4,322
freddiedeboer,1394,11.5,211
freddiedeboer,528,11.8,3
freddiedeboer,1763,9.8,95
freddiedeboer,1455,11.0,70
freddiedeboer,997,9.1,426
freddiedeboer,2898,6.4,0
freddiedeboer,1443,12.3,395
freddiedeboer,1027,8.8,85
freddiedeboer,929,12.4,239
freddiedeboer,347,10.1,15
freddiedeboer,2982,5.5,0
freddiedeboer,1155,11.6,108
freddiedeboer,1028,9.9,50
freddiedeboer,1309,9.5,0
freddiedeboer,1986,9.7,44
freddiedeboer,148,6.2,13
freddiedeboer,1428,10.8,357
freddiedeboer,754,8.1,37
freddiedeboer,2269,12.7,83
freddiedeboer,663,85.9,40
freddiedeboer,505,11.5,21
freddiedeboer,1746,9.1,611
freddiedeboer,516,10.1,0
freddiedeboer,982,9.6,45
freddiedeboer,552,11.5,233
freddiedeboer,1809,10.2,114
freddiedeboer,1068,11.0,155
freddiedeboer,844,10.8,43
freddiedeboer,1403,11.8,232
freddiedeboer,1782,12.9,404
freddiedeboer,1726,11.0,159
freddiedeboer,1073,11.4,336
freddiedeboer,999,9.9,33
freddiedeboer,1288,12.3,531
freddiedeboer,1527,8.2,130
freddiedeboer,2592,13.4,427
freddiedeboer,957,9.0,18
freddiedeboer,1512,8.5,331
freddiedeboer,280,9.4,43
freddiedeboer,2559,9.9,407
freddiedeboer,1559,10.3,356
freddiedeboer,1344,10.1,199
freddiedeboer,1335,10.2,0
freddiedeboer,380,9.5,42
freddiedeboer,1215,12.6,246
freddiedeboer,1420,7.8,29
freddiedeboer,554,7.9,259
freddiedeboer,1544,10.5,557
freddiedeboer,1132,9.4,106
freddiedeboer,1062,8.3,69
freddiedeboer,1923,10.1,417
freddiedeboer,1141,9.6,210
freddiedeboer,657,10.7,198
freddiedeboer,6627,11.6,0
freddiedeboer,1293,10.1,0
freddiedeboer,1868,7.0,0
freddiedeboer,474,7.1,0
freddiedeboer,1230,10.2,0
freddiedeboer,123,8.6,0
freddiedeboer,3122,11.0,0
freddiedeboer,412,10.6,0
freddiedeboer,473,8.6,0
freddiedeboer,336,10.2,0
freddiedeboer,5677,11.0,192
freddiedeboer,1376,12.6,0
freddiedeboer,1991,10.6,0
freddiedeboer,247,11.5,0
freddiedeboer,1333,9.6,0
freddiedeboer,4587,9.8,0
freddiedeboer,920,9.4,0
freddiedeboer,353,9.0,13
freddiedeboer,1637,12.7,242
freddiedeboer,824,15.9,194
freddiedeboer,848,13.9,0
freddiedeboer,1062,11.1,214
freddiedeboer,2711,16.9,77
freddiedeboer,290,9.6,20
freddiedeboer,1494,12.8,293
freddiedeboer,1492,13.7,98
freddiedeboer,86,5.3,78
freddiedeboer,594,9.0,123
freddiedeboer,1599,11.9,248
freddiedeboer,1678,10.6,30
freddiedeboer,473,9.2,19
freddiedeboer,770,11.5,546
freddiedeboer,103,9.7,5
freddiedeboer,1135,8.1,169
freddiedeboer,1071,10.3,112
freddiedeboer,114,16.8,5
freddiedeboer,3826,14.9,182
freddiedeboer,612,10.1,0
freddiedeboer,3208,7.2,151
freddiedeboer,1809,5.1,0
freddiedeboer,916,11.4,287
freddiedeboer,152,6.9,63
freddiedeboer,1746,11.7,119
freddiedeboer,1214,12.2,426
freddiedeboer,1249,3.9,0
freddiedeboer,527,8.5,19
freddiedeboer,1102,10.9,426
freddiedeboer,1335,11.9,306
freddiedeboer,702,10.4,303
freddiedeboer,1805,11.6,304
freddiedeboer,874,6.5,0
freddiedeboer,2166,10.7,0
freddiedeboer,2391,5.3,0
freddiedeboer,1759,9.1,0
freddiedeboer,49,8.0,0
freddiedeboer,876,13.0,243
freddiedeboer,2200,8.1,173
freddiedeboer,2002,8.9,60
freddiedeboer,1306,12.7,334
freddiedeboer,609,10.2,19
freddiedeboer,610,7.7,77
freddiedeboer,1888,13.6,19
freddiedeboer,572,8.4,54
freddiedeboer,1837,4.7,0
freddiedeboer,1510,10.1,226
freddiedeboer,4485,5.7,0
freddiedeboer,736,9.6,177
freddiedeboer,317,9.7,10
freddiedeboer,2247,5.1,0
freddiedeboer,707,8.1,35
freddiedeboer,1135,9.4,42
freddiedeboer,2552,11.3,229
freddiedeboer,1268,9.3,169
freddiedeboer,1210,7.2,90
freddiedeboer,471,7.4,12
freddiedeboer,1082,10.2,203
freddiedeboer,1430,9.8,194
freddiedeboer,571,8.8,7
freddiedeboer,1141,7.4,74
freddiedeboer,921,10.1,42
freddiedeboer,1221,9.0,146
freddiedeboer,1246,10.3,120
freddiedeboer,781,8.5,7
freddiedeboer,737,11.4,332
freddiedeboer,1240,9.4,200
freddiedeboer,812,9.5,24
freddiedeboer,1608,10.3,255
freddiedeboer,439,8.9,553
freddiedeboer,381,6.2,0
freddiedeboer,1634,9.4,41
freddiedeboer,724,9.0,17
freddiedeboer,1143,11.0,23
freddiedeboer,1549,6.5,222
freddiedeboer,3440,11.0,80
freddiedeboer,545,7.6,26
freddiedeboer,437,11.5,259
freddiedeboer,1463,12.8,232
freddiedeboer,2460,12.8,332
freddiedeboer,1481,9.4,319
freddiedeboer,1170,9.9,38
freddiedeboer,661,10.0,13
freddiedeboer,1261,9.1,364
freddiedeboer,1025,8.7,324
freddiedeboer,1100,7.7,105
freddiedeboer,1097,9.9,327
freddiedeboer,373,6.4,0
freddiedeboer,326,7.4,9
freddiedeboer,2769,11.5,0
freddiedeboer,620,11.7,114
freddiedeboer,786,10.9,306
freddiedeboer,2265,11.3,0
freddiedeboer,1502,6.6,71
freddiedeboer,254,6.4,6
freddiedeboer,569,9.9,5
freddiedeboer,1248,8.5,214
freddiedeboer,1309,9.3,52
freddiedeboer,1716,9.3,160
freddiedeboer,1360,11.4,16
freddiedeboer,1086,10.2,195
freddiedeboer,311,6.7,5
freddiedeboer,1461,10.9,0
freddiedeboer,886,12.1,162
freddiedeboer,415,9.8,299
freddiedeboer,214,9.2,15
freddiedeboer,921,10.3,0
freddiedeboer,398,9.1,26
freddiedeboer,340,6.8,41
freddiedeboer,1128,12.1,619
freddiedeboer,359,11.4,9
freddiedeboer,431,11.3,220
freddiedeboer,717,8.1,16
freddiedeboer,1271,11.6,106
freddiedeboer,1740,9.1,113
freddiedeboer,1161,10.9,20
freddiedeboer,1052,11.0,218
freddiedeboer,1306,8.4,46
freddiedeboer,460,6.5,5
freddiedeboer,1485,8.9,188
freddiedeboer,687,11.6,18
freddiedeboer,242,6.2,71
freddiedeboer,246,6.6,0
freddiedeboer,1857,8.9,128
freddiedeboer,1988,9.6,202
freddiedeboer,540,7.8,10
freddiedeboer,1479,8.8,106
freddiedeboer,1349,6.6,338
freddiedeboer,1867,9.5,156
freddiedeboer,2985,5.3,0
freddiedeboer,606,8.1,16
freddiedeboer,1345,10.7,249
freddiedeboer,1494,11.2,189
freddiedeboer,522,9.5,27
freddiedeboer,1866,10.8,9
freddiedeboer,716,10.2,21
freddiedeboer,1316,12.1,135
freddiedeboer,850,9.4,20
freddiedeboer,667,7.1,47
freddiedeboer,628,6.6,230
freddiedeboer,464,7.7,29
freddiedeboer,2965,11.4,241
freddiedeboer,266,10.4,22
freddiedeboer,1096,8.1,75
freddiedeboer,1195,6.3,65
freddiedeboer,816,9.0,18
freddiedeboer,98,5.2,0
freddiedeboer,1423,6.6,189
freddiedeboer,342,7.7,13
freddiedeboer,1039,10.2,154
freddiedeboer,876,9.7,157
freddiedeboer,1115,8.0,6
freddiedeboer,2240,11.0,66
freddiedeboer,486,5.9,6
freddiedeboer,2140,10.1,425
freddiedeboer,1049,9.5,409
freddiedeboer,805,9.6,5
freddiedeboer,468,8.2,16
commonsense,1,-15.7,9
commonsense,2229,8.2,104
commonsense,1830,7.5,153
commonsense,2195,5.4,13
commonsense,866,7.8,26
commonsense,1543,5.6,51
commonsense,1236,7.9,48
commonsense,2304,8.3,87
commonsense,2203,10.2,185
commonsense,715,6.9,100
commonsense,1564,11.9,134
commonsense,2110,9.6,63
commonsense,3948,7.2,269
commonsense,1121,8.4,42
commonsense,2130,7.9,87
commonsense,1840,7.4,138
commonsense,1859,9.4,73
commonsense,1528,5.7,17
commonsense,1086,8.6,121
commonsense,2041,9.0,157
commonsense,1530,7.6,392
commonsense,1942,8.6,137
commonsense,1866,10.4,368
commonsense,2480,7.8,454
commonsense,1151,7.3,151
commonsense,1691,11.6,531
commonsense,132,4.4,130
commonsense,120,6.1,290
commonsense,2546,9.0,457
commonsense,1760,8.9,80
commonsense,2659,10.3,32
commonsense,2991,10.1,499
commonsense,2082,10.3,57
commonsense,2381,8.9,178
commonsense,2975,8.7,272
commonsense,4834,10.0,236
commonsense,490,5.9,87
commonsense,333,5.8,118
commonsense,737,7.0,102
commonsense,11817,6.4,32
commonsense,3018,9.1,410
commonsense,1652,7.5,153
commonsense,1937,6.2,3
commonsense,1344,10.1,250
commonsense,2207,8.2,87
commonsense,3150,7.4,55
commonsense,948,7.1,99
commonsense,1993,9.7,179
commonsense,6481,6.5,59
commonsense,2094,8.1,380
commonsense,1851,10.7,162
commonsense,563,7.5,16
commonsense,160,7.9,14
commonsense,72,4.4,22
commonsense,3620,10.8,358
commonsense,3177,6.7,81
commonsense,1638,11.7,199
commonsense,2007,8.5,311
commonsense,1915,8.2,182
commonsense,1027,6.7,163
commonsense,3555,7.5,156
commonsense,1661,10.2,442
commonsense,1275,5.3,127
commonsense,1963,7.2,238
commonsense,1929,11.9,112
commonsense,2463,7.9,50
commonsense,301,7.6,32
commonsense,151,9.2,13
commonsense,652,7.9,60
commonsense,1410,7.2,175
commonsense,2237,8.5,119
commonsense,2989,9.1,151
commonsense,991,5.2,8
commonsense,2656,9.5,415
commonsense,3930,8.9,369
commonsense,3079,5.4,311
commonsense,3133,7.0,185
commonsense,1632,9.4,375
commonsense,3207,9.6,224
commonsense,1755,11.1,395
commonsense,1322,9.3,43
commonsense,1441,9.2,431
commonsense,944,13.2,21
commonsense,615,10.2,39
commonsense,1305,6.7,37
commonsense,1154,6.7,396
commonsense,2031,10.3,330
commonsense,1158,10.7,175
commonsense,2554,7.8,637
commonsense,2141,8.5,92
commonsense,118,8.5,30
commonsense,2986,11.9,303
commonsense,2267,10.1,384
commonsense,1496,11.4,232
commonsense,2125,8.5,199
commonsense,2000,9.4,280
commonsense,1705,10.3,817
commonsense,1756,11.8,109
commonsense,1341,8.4,176
commonsense,4214,6.9,123
commonsense,2463,10.3,418
commonsense,1891,6.8,144
commonsense,1595,9.0,332
commonsense,1303,10.1,324
commonsense,1575,8.7,98
commonsense,1625,7.7,101
commonsense,1639,9.4,73
commonsense,2249,6.9,231
commonsense,1674,9.4,133
commonsense,1962,8.0,671
commonsense,1451,9.9,207
commonsense,1875,8.6,242
commonsense,1139,7.3,5
commonsense,939,9.8,121
commonsense,2055,7.7,257
commonsense,2530,10.5,119
commonsense,1880,9.4,274
commonsense,2263,8.1,285
commonsense,1780,8.5,157
commonsense,4467,5.1,76
commonsense,2196,7.0,311
commonsense,3505,8.2,282
commonsense,1594,9.0,216
commonsense,2129,8.1,269
commonsense,2926,8.2,387
commonsense,3594,6.8,136
commonsense,1555,8.2,62
commonsense,1985,9.3,345
commonsense,1064,8.4,360
commonsense,1880,7.8,294
commonsense,2732,10.1,584
commonsense,1936,7.3,194
commonsense,1395,7.0,254
commonsense,3604,9.1,696
commonsense,136,7.5,91
commonsense,579,6.0,492
commonsense,1136,9.0,332
commonsense,1927,9.2,562
commonsense,2342,8.8,413
commonsense,1966,8.7,613
commonsense,1475,7.2,637
commonsense,3428,7.7,346
commonsense,423,7.5,137
commonsense,3642,10.8,406
commonsense,2101,7.8,336
commonsense,1319,9.4,375
commonsense,1519,8.8,484
commonsense,1689,7.8,475
commonsense,2523,7.6,427
commonsense,2076,6.7,603
commonsense,1638,10.5,393
commonsense,2484,8.8,712
commonsense,2041,6.7,679
commonsense,1975,7.6,587
commonsense,1705,7.3,837
commonsense,1995,10.7,516
commonsense,2440,9.6,407
commonsense,2685,6.4,897
commonsense,1767,13.2,582
commonsense,2481,8.7,147
commonsense,2593,9.0,547
commonsense,2488,8.7,509
commonsense,1639,5.6,345
commonsense,2066,9.4,432
commonsense,4542,7.8,500
commonsense,2069,9.9,286
commonsense,2982,9.4,529
commonsense,2156,7.4,515
commonsense,2585,6.3,503
commonsense,2128,9.8,572
commonsense,1205,7.4,65
commonsense,1269,11.1,266
commonsense,3620,6.7,908
commonsense,5072,10.4,1036
commonsense,1844,7.0,814
commonsense,1022,10.1,796
commonsense,305,7.6,408
commonsense,2297,7.5,633
commonsense,2849,8.9,813
commonsense,4231,7.2,393
commonsense,2939,7.6,622
commonsense,2174,6.9,612
commonsense,1092,7.0,388
commonsense,889,5.4,214
commonsense,2864,8.5,70
commonsense,1975,10.6,269
commonsense,2987,7.3,578
commonsense,1942,10.6,732
commonsense,1623,11.2,641
commonsense,24,14.2,4
commonsense,146,6.0,0
commonsense,143,7.2,0
commonsense,88,6.7,0
commonsense,154,5.2,2
commonsense,167,10.3,0
commonsense,69,8.7,0
commonsense,128,5.4,0
commonsense,129,11.7,0
commonsense,75,8.0,0
commonsense,93,7.0,0
commonsense,123,5.1,0
commonsense,141,5.9,0
commonsense,25,16.6,0
commonsense,150,16.7,0
commonsense,154,8.8,0
commonsense,98,9.8,0
commonsense,95,8.3,0
commonsense,291,11.4,0
commonsense,186,10.2,0
commonsense,146,7.8,0
commonsense,145,8.4,0
commonsense,165,8.5,0
commonsense,200,7.7,0
commonsense,202,7.5,0
commonsense,157,7.2,0
commonsense,127,7.3,0
commonsense,125,6.4,0
commonsense,124,6.7,0
commonsense,57,14.4,0
commonsense,151,9.5,0
commonsense,178,9.8,0
commonsense,152,6.3,0
commonsense,126,11.5,0
commonsense,212,10.1,0
commonsense,184,11.1,0
commonsense,124,6.9,0
commonsense,136,7.9,0
commonsense,171,14.0,0
commonsense,95,5.1,3
commonsense,244,9.4,0
commonsense,167,12.1,0
commonsense,196,8.3,0
commonsense,154,14.5,0
commonsense,139,7.5,0
commonsense,82,7.5,0
commonsense,118,8.6,0
commonsense,202,10.8,0
commonsense,101,7.0,0
commonsense,136,8.7,0
commonsense,124,6.9,0
commonsense,138,7.5,0
commonsense,139,8.9,0
commonsense,114,13.2,0
commonsense,103,6.5,0
commonsense,146,6.0,0
commonsense,76,6.8,0
commonsense,98,9.3,0
commonsense,111,6.9,0
commonsense,18,17.0,0
commonsense,2725,7.8,674
commonsense,1625,8.2,566
commonsense,1245,9.2,846
commonsense,1721,9.2,557
commonsense,2576,7.8,0
commonsense,1981,7.2,117
commonsense,3632,7.6,555
commonsense,3776,11.3,328
commonsense,2831,9.4,581
commonsense,1332,8.8,795
commonsense,193,10.5,1
commonsense,167,6.4,1
commonsense,98,7.4,1
commonsense,124,5.1,24
commonsense,3121,7.8,609
commonsense,1117,6.4,238
commonsense,949,11.4,386
commonsense,1458,7.8,988
commonsense,3020,8.5,617
commonsense,1200,9.4,429
commonsense,2772,8.7,664
commonsense,2287,10.4,552
commonsense,2898,9.3,713
commonsense,2722,8.2,561
commonsense,3811,8.6,1044
commonsense,3160,9.0,808
commonsense,1665,9.2,638
commonsense,1830,6.9,687
commonsense,994,9.2,414
commonsense,1513,10.8,371
commonsense,2424,7.8,591
commonsense,1140,7.3,1261
commonsense,2180,9.3,481
commonsense,2409,13.5,472
commonsense,1441,6.6,591
commonsense,3394,8.1,828
commonsense,1500,8.8,440
commonsense,2095,7.7,749
commonsense,96,6.0,0
commonsense,69,8.9,0
commonsense,145,9.4,1
commonsense,170,8.0,1
commonsense,163,8.8,0
commonsense,125,9.9,1
commonsense,1931,11.7,251
commonsense,805,7.6,464
commonsense,2478,8.8,1211
commonsense,3132,9.1,626
commonsense,2888,8.9,455
commonsense,114,9.1,9
commonsense,125,11.2,7
commonsense,1680,10.2,770
commonsense,2838,9.5,897
commonsense,70,8.5,14
commonsense,1594,6.8,458
commonsense,2127,7.3,731
commonsense,1553,7.4,340
commonsense,2330,10.0,776
commonsense,871,8.4,1223
commonsense,189,7.6,9
commonsense,1124,7.4,815
commonsense,1892,12.4,861
commonsense,1932,7.3,814
commonsense,1299,8.8,1641
commonsense,2700,9.8,830
commonsense,124,12.6,13
commonsense,142,7.2,36
commonsense,2093,9.1,206
commonsense,2074,12.3,600
commonsense,93,6.2,4
commonsense,1770,7.4,755
commonsense,262,7.7,48
commonsense,3244,9.2,711
commonsense,5747,6.8,679
commonsense,1495,11.2,505
commonsense,2490,10.7,696
commonsense,2444,5.3,509
commonsense,162,9.4,30
commonsense,1967,8.7,537
commonsense,2039,7.4,505
commonsense,2756,8.5,725
commonsense,191,9.9,22
commonsense,197,8.4,204
commonsense,163,10.1,73
commonsense,2799,7.9,880
commonsense,2014,10.7,296
commonsense,2406,8.1,621
commonsense,1270,12.3,478
commonsense,883,9.1,519
commonsense,217,11.1,38
commonsense,1885,9.0,552
commonsense,2864,12.3,691
commonsense,3336,8.7,1028
commonsense,1451,11.1,850
commonsense,231,8.9,108
commonsense,2625,9.7,372
commonsense,3442,7.5,305
commonsense,2698,10.5,826
commonsense,1776,8.7,295
commonsense,1744,8.6,758
commonsense,2340,10.2,821
commonsense,227,7.5,193
commonsense,3158,8.6,755
commonsense,1599,7.8,833
commonsense,2309,7.4,617
commonsense,1832,7.5,261
commonsense,81,12.4,29
commonsense,2813,8.0,599
commonsense,2608,7.6,761
commonsense,896,7.0,450
commonsense,1556,8.5,728
commonsense,12638,6.7,1077
commonsense,3704,11.7,582
commonsense,680,6.7,471
commonsense,1656,7.4,417
commonsense,2430,8.7,795
commonsense,2136,9.3,648
commonsense,1040,9.8,47
commonsense,1190,9.5,12
commonsense,1456,11.1,418
commonsense,1908,6.0,907
commonsense,3206,8.9,812
commonsense,1270,10.0,423
commonsense,3254,8.9,584
commonsense,1968,11.1,327
commonsense,269,8.8,438
commonsense,3376,11.2,705
commonsense,2718,7.2,623
commonsense,2689,9.0,208
commonsense,1967,10.8,734
commonsense,1742,8.2,312
commonsense,2901,8.0,1031
commonsense,213,7.6,404
commonsense,1795,6.8,860
commonsense,2600,10.5,706
commonsense,1656,10.9,926
commonsense,2458,10.5,832
commonsense,186,8.3,326
commonsense,1586,9.3,344
commonsense,1820,13.4,519
commonsense,1628,11.4,442
commonsense,2694,10.5,641
commonsense,260,11.2,635
commonsense,1879,7.6,319
commonsense,2427,8.0,769
commonsense,2087,11.7,664
commonsense,2521,9.9,961
commonsense,180,6.5,220
commonsense,1489,8.4,553
commonsense,3016,8.2,825
commonsense,2435,10.1,716
commonsense,815,8.7,482
commonsense,2275,10.9,529
commonsense,1223,8.8,803
commonsense,1554,9.8,856
commonsense,2818,8.0,1028
commonsense,1084,10.3,564
commonsense,2218,10.8,419
commonsense,1619,9.9,519
commonsense,898,10.4,797
commonsense,2512,10.1,627
commonsense,2436,7.8,1238
commonsense,752,7.6,236
commonsense,2313,8.2,700
commonsense,1573,10.8,506
commonsense,1933,7.6,541
commonsense,3215,7.9,798
commonsense,241,9.6,422
commonsense,1650,10.7,755
commonsense,1862,7.1,698
commonsense,2271,9.2,626
commonsense,142,7.5,442
commonsense,3213,7.4,878
commonsense,1140,10.9,424
commonsense,2343,8.9,412
commonsense,1454,9.4,740
commonsense,1457,9.2,909
commonsense,2898,8.9,724
commonsense,160,10.9,179
commonsense,2743,7.8,369
commonsense,1871,9.8,772
commonsense,994,6.8,220
commonsense,209,9.3,348
commonsense,1847,6.9,798
commonsense,9871,6.4,357
commonsense,1622,7.2,525
commonsense,2634,6.9,1126
noahpinion,855,9.7,21
noahpinion,1984,8.5,22
noahpinion,46,7.5,32
noahpinion,1026,8.9,54
noahpinion,1101,11.2,88
noahpinion,901,9.1,31
noahpinion,2008,9.1,12
noahpinion,2112,9.1,27
noahpinion,2252,9.1,19
noahpinion,1893,8.9,14
noahpinion,1448,10.4,24
noahpinion,1217,11.8,39
noahpinion,491,10.6,14
noahpinion,604,7.6,11
noahpinion,1515,10.3,26
noahpinion,2121,10.7,23
noahpinion,986,8.8,47
noahpinion,935,8.5,12
noahpinion,2124,10.1,29
noahpinion,2960,5.4,17
noahpinion,1206,9.1,23
noahpinion,1563,10.1,18
noahpinion,2107,10.9,44
noahpinion,1451,7.0,35
noahpinion,2174,9.5,21
noahpinion,1628,7.4,16
noahpinion,1847,8.8,149
noahpinion,1361,7.9,28
noahpinion,1642,10.1,48
noahpinion,2049,8.9,10
noahpinion,2405,8.5,80
noahpinion,826,8.4,28
noahpinion,1742,9.8,71
noahpinion,894,8.8,28
noahpinion,1722,11.0,24
noahpinion,55,4.2,233
noahpinion,903,8.9,6
noahpinion,1301,8.9,14
noahpinion,1668,10.7,17
noahpinion,1706,9.9,23
noahpinion,2813,10.0,65
noahpinion,2435,9.7,31
noahpinion,1997,9.8,35
noahpinion,2417,11.7,50
noahpinion,1543,10.2,37
noahpinion,2610,10.5,63
noahpinion,1859,10.1,65
noahpinion,2179,8.6,13
noahpinion,1750,9.5,125
noahpinion,4238,6.7,26
noahpinion,1843,10.8,9
noahpinion,2305,9.2,185
noahpinion,961,9.1,26
noahpinion,2040,9.8,14
noahpinion,1179,9.8,34
noahpinion,3171,8.9,73
noahpinion,1618,11.9,58
noahpinion,2426,10.1,48
noahpinion,1849,9.2,42
noahpinion,2092,9.3,43
noahpinion,2821,9.6,137
noahpinion,2270,9.7,12
noahpinion,3282,10.6,45
noahpinion,1407,9.7,29
noahpinion,6171,11.2,26
noahpinion,1762,8.2,22
noahpinion,1036,9.4,32
noahpinion,2418,9.4,28
noahpinion,1433,9.6,20
noahpinion,1978,10.6,51
noahpinion,1212,9.4,26
noahpinion,1113,8.5,24
noahpinion,741,9.1,13
noahpinion,3548,10.1,87
noahpinion,2301,8.6,97
noahpinion,1836,12.2,26
noahpinion,1621,9.2,123
noahpinion,2310,10.5,42
noahpinion,2487,9.7,30
noahpinion,1444,10.3,41
noahpinion,145,13.6,25
noahpinion,1504,9.9,33
noahpinion,1792,9.9,41
noahpinion,2731,10.2,95
noahpinion,1839,10.9,63
noahpinion,1772,10.7,44
noahpinion,3204,9.7,20
noahpinion,11664,10.7,28
noahpinion,2896,10.4,29
noahpinion,2348,9.7,19
noahpinion,1597,9.9,32
noahpinion,1869,9.4,67
noahpinion,6895,10.6,56
noahpinion,1899,8.5,10
noahpinion,1670,11.0,57
noahpinion,1283,8.5,28
noahpinion,2000,10.2,27
noahpinion,2656,11.3,37
noahpinion,2144,10.7,18
noahpinion,1519,9.5,45
noahpinion,2341,8.7,49
noahpinion,1789,10.2,17
noahpinion,1441,9.3,45
noahpinion,1616,10.2,29
noahpinion,2619,10.9,109
noahpinion,1618,10.5,29
noahpinion,2095,11.0,127
noahpinion,2482,11.3,77
noahpinion,2369,11.8,15
noahpinion,2082,10.1,31
noahpinion,3110,11.1,66
noahpinion,3646,10.1,86
noahpinion,5839,12.9,7
noahpinion,1951,9.4,34
noahpinion,2513,9.6,13
noahpinion,2512,10.4,40
noahpinion,4015,9.9,95
noahpinion,2126,7.8,56
noahpinion,1996,11.9,130
noahpinion,2390,8.1,8
noahpinion,2636,9.9,14
noahpinion,1965,9.8,38
noahpinion,1096,9.7,37
noahpinion,1441,8.7,75
noahpinion,1581,9.9,19
noahpinion,2209,9.4,25
noahpinion,1797,11.7,103
noahpinion,1481,10.4,232
noahpinion,2212,10.8,9
noahpinion,1979,10.8,91
noahpinion,2003,9.7,63
noahpinion,1768,11.6,54
noahpinion,7708,7.6,6
noahpinion,2410,12.6,18
noahpinion,1535,9.5,30
noahpinion,1189,9.8,94
noahpinion,1743,9.4,200
noahpinion,2048,8.0,15
noahpinion,2770,9.8,134
noahpinion,2203,10.3,4
noahpinion,1624,10.4,29
noahpinion,2496,10.1,20
noahpinion,1795,9.1,38
noahpinion,2086,9.6,46
noahpinion,1714,10.7,39
noahpinion,1532,7.5,58
noahpinion,2567,9.1,33
noahpinion,1450,10.1,14
noahpinion,5695,10.2,14
noahpinion,1703,11.0,60
noahpinion,3075,9.7,2
noahpinion,2279,9.6,37
noahpinion,1488,10.0,57
noahpinion,2319,10.5,33
noahpinion,1445,11.0,151
noahpinion,2056,10.4,62
noahpinion,1072,10.8,47
noahpinion,2249,10.4,22
noahpinion,1906,9.5,25
noahpinion,1614,9.4,46
noahpinion,2045,8.7,52
noahpinion,1645,10.8,58
noahpinion,1746,10.2,28
noahpinion,1272,11.0,48
noahpinion,5256,10.8,58
noahpinion,2771,12.5,24
noahpinion,1161,9.8,44
noahpinion,3811,10.6,97
noahpinion,1937,10.2,35
noahpinion,1621,9.9,59
noahpinion,1869,8.5,90
noahpinion,1627,10.9,33
noahpinion,1894,11.5,114
noahpinion,1645,11.9,17
noahpinion,2258,10.5,42
noahpinion,1205,11.1,37
noahpinion,2637,11.4,77
noahpinion,5365,11.0,11
noahpinion,1097,10.2,42
noahpinion,2464,10.1,15
noahpinion,6559,11.2,36
noahpinion,2338,10.0,72
noahpinion,1840,10.3,23
noahpinion,1633,10.1,77
noahpinion,1509,9.7,32
noahpinion,2396,8.4,154
noahpinion,1520,11.9,34
noahpinion,41,3.9,18
noahpinion,162,9.2,7
noahpinion,2271,11.6,183
noahpinion,2033,10.6,17
noahpinion,1443,12.6,46
noahpinion,1975,11.1,16
noahpinion,991,11.5,20
noahpinion,6977,9.5,34
noahpinion,1284,12.5,22
noahpinion,2174,11.4,34
noahpinion,1960,10.8,39
noahpinion,2076,10.9,45
noahpinion,1922,12.0,33
noahpinion,1960,9.5,76
noahpinion,2720,10.3,106
noahpinion,1807,9.9,16
noahpinion,1142,11.9,44
noahpinion,1576,12.0,11
noahpinion,1373,10.7,34
noahpinion,2556,9.1,94
noahpinion,1874,12.5,37
noahpinion,1749,12.6,64
noahpinion,1755,9.8,66
noahpinion,2332,12.5,82
noahpinion,2020,9.2,18
noahpinion,2088,10.4,10
noahpinion,1804,9.9,124
noahpinion,1475,10.4,26
noahpinion,1913,11.3,53
noahpinion,1584,12.1,26
noahpinion,3282,9.5,27
noahpinion,2346,11.9,27
noahpinion,3000,10.5,28
noahpinion,1443,11.4,59
noahpinion,3485,13.7,44
noahpinion,2323,11.3,21
noahpinion,2888,10.0,58
noahpinion,1545,11.2,29
noahpinion,1805,10.7,47
noahpinion,2497,13.4,14
noahpinion,1695,9.3,112
noahpinion,5622,9.6,21
noahpinion,1974,11.7,34
noahpinion,2090,10.9,30
noahpinion,2093,10.1,101
noahpinion,2175,10.5,80
noahpinion,2371,10.4,88
noahpinion,1334,10.7,22
noahpinion,1996,12.2,88
noahpinion,2959,9.9,110
noahpinion,1931,11.8,42
noahpinion,2387,12.4,83
noahpinion,2423,11.5,69
noahpinion,2194,9.1,22
noahpinion,1579,10.5,41
noahpinion,2312,10.1,30
noahpinion,2545,10.9,32
noahpinion,2347,9.1,19
noahpinion,1769,10.9,52
noahpinion,2315,11.5,27
noahpinion,2728,12.1,90
noahpinion,1349,10.1,23
noahpinion,2308,12.2,37
noahpinion,1933,9.3,81
noahpinion,1822,9.6,67
noahpinion,1664,11.1,64
noahpinion,1577,10.5,38
noahpinion,1442,10.7,15
noahpinion,2720,8.8,79
noahpinion,2545,10.5,25
noahpinion,1536,11.2,32
noahpinion,1680,9.8,97
noahpinion,394,9.4,31
noahpinion,2198,10.5,64
noahpinion,2649,10.6,17
noahpinion,3070,9.8,74
noahpinion,1847,10.9,49
noahpinion,2758,11.8,76
noahpinion,2416,12.3,53
noahpinion,543,11.1,11
noahpinion,1681,8.9,6
noahpinion,2870,9.9,9
noahpinion,2076,10.3,85
noahpinion,1314,10.3,26
noahpinion,2323,8.5,55
noahpinion,2468,11.9,25
noahpinion,1775,11.9,29
noahpinion,5928,10.1,29
noahpinion,1267,9.4,22
noahpinion,1045,11.6,47
noahpinion,1894,12.1,40
noahpinion,2190,12.3,52
noahpinion,2167,10.9,11
noahpinion,3055,11.0,29
noahpinion,2582,10.2,7
noahpinion,2218,11.2,123
noahpinion,2098,10.8,19
noahpinion,2260,11.3,45
noahpinion,2494,8.3,26
noahpinion,1922,9.4,81
noahpinion,2081,11.7,56
noahpinion,1647,10.5,84
noahpinion,2000,11.6,20
noahpinion,2433,12.8,19
noahpinion,1304,12.5,37
noahpinion,2805,10.4,26
noahpinion,2812,9.7,100
noahpinion,2867,9.9,43
noahpinion,2287,10.1,46
noahpinion,3196,9.5,55
noahpinion,2304,12.8,40
noahpinion,2740,9.9,52
noahpinion,2671,11.4,12
noahpinion,3624,10.4,90
noahpinion,3259,14.1,38
noahpinion,2164,10.4,45
noahpinion,2000,10.9,34
noahpinion,3076,11.2,40
noahpinion,2359,9.5,31
noahpinion,2421,10.7,23
noahpinion,2165,11.9,36
noahpinion,2401,10.4,100
noahpinion,2109,8.4,81
noahpinion,4390,11.9,6
noahpinion,1973,11.1,61
noahpinion,3408,10.8,23
noahpinion,2840,9.9,5
noahpinion,2846,10.9,116
noahpinion,2324,11.2,22
noahpinion,478,8.5,22
noahpinion,1472,9.6,56
noahpinion,2503,10.7,8
noahpinion,5509,12.7,5
noahpinion,1809,10.8,83
noahpinion,1294,9.7,41
noahpinion,1697,8.3,38
noahpinion,2493,10.7,6
noahpinion,2796,10.5,121
noahpinion,2628,10.5,12
noahpinion,1480,10.1,22
noahpinion,2817,12.4,100
noahpinion,2051,10.2,232
noahpinion,2373,10.0,25
noahpinion,1690,10.2,47
noahpinion,1883,9.2,42
noahpinion,2634,10.1,40
noahpinion,3913,9.5,10
noahpinion,1875,8.0,64
noahpinion,2212,10.7,13
noahpinion,2468,9.7,82
noahpinion,2401,10.5,23
noahpinion,2966,10.1,54
noahpinion,2663,10.5,85
noahpinion,6680,12.9,28
noahpinion,2841,10.7,28
noahpinion,2499,8.5,18
noahpinion,2314,10.0,71
noahpinion,499,9.7,20
noahpinion,2181,9.8,38
noahpinion,1500,10.2,68
noahpinion,2427,9.5,63
noahpinion,3008,7.3,90
noahpinion,2491,11.9,268
noahpinion,1718,12.5,5
noahpinion,1939,9.9,121
noahpinion,2734,11.4,26
noahpinion,3021,10.3,22
noahpinion,7497,8.2,61
noahpinion,3338,12.5,23
noahpinion,1545,11.2,66
noahpinion,2808,9.5,34
noahpinion,2737,10.5,62
noahpinion,1956,7.2,50
noahpinion,2351,10.3,19
noahpinion,3181,8.6,38
noahpinion,2437,11.2,36
noahpinion,1768,11.8,70
noahpinion,3036,8.8,16
noahpinion,2257,9.7,106
noahpinion,1380,11.9,28
noahpinion,1814,9.1,25
noahpinion,2457,9.9,76
noahpinion,2546,10.0,72
noahpinion,1942,10.8,91
noahpinion,2015,8.7,17
noahpinion,2404,8.6,17
noahpinion,1132,9.7,68
noahpinion,2765,10.6,37
noahpinion,2525,10.8,39
noahpinion,1631,9.2,28
noahpinion,2204,8.6,27
noahpinion,1927,10.0,24
noahpinion,1917,11.4,19
noahpinion,4600,12.8,16
noahpinion,2556,10.1,40
noahpinion,2199,10.4,36
noahpinion,2425,11.3,133
noahpinion,2685,10.5,36
noahpinion,1703,8.4,25
noahpinion,2279,9.5,134
noahpinion,1399,11.6,54
noahpinion,2501,10.0,14
noahpinion,2652,10.0,61
noahpinion,2052,10.5,23
noahpinion,2083,12.3,133
noahpinion,1977,6.1,106
noahpinion,2817,9.8,80
noahpinion,2071,9.4,43
noahpinion,6804,10.1,57
noahpinion,2591,9.5,31
noahpinion,2875,10.0,27
noahpinion,2069,10.3,35
noahpinion,1709,11.1,99
noahpinion,449,10.9,24
noahpinion,1108,9.5,37
noahpinion,2272,9.9,19
noahpinion,2106,11.0,93
noahpinion,2528,10.3,141
noahpinion,2487,8.3,85
noahpinion,2201,8.6,72
noahpinion,4157,12.3,32
noahpinion,3460,8.4,107
noahpinion,2171,10.9,40
noahpinion,1948,9.7,60
noahpinion,2624,9.9,73
noahpinion,1987,11.9,36
noahpinion,3768,11.3,26
noahpinion,2565,11.2,109
noahpinion,3193,9.9,225
noahpinion,2095,15.0,68
noahpinion,1736,10.4,60
noahpinion,3561,10.9,23
noahpinion,1462,8.3,37
noahpinion,3024,10.1,45
noahpinion,2892,10.5,44
noahpinion,1946,9.1,84
noahpinion,1521,11.1,53
noahpinion,1375,8.4,97
noahpinion,2690,10.7,96
noahpinion,2843,9.3,116
noahpinion,2205,9.6,29
noahpinion,2227,12.1,26
noahpinion,2215,9.2,57
noahpinion,2252,9.8,104
noahpinion,1653,8.5,51
noahpinion,2555,9.3,54
noahpinion,2507,11.4,86
noahpinion,2470,10.7,78
noahpinion,2546,10.2,46
noahpinion,2954,12.2,59
noahpinion,2560,12.0,78
noahpinion,2491,10.2,31
noahpinion,2403,10.0,55
noahpinion,3336,10.8,56
noahpinion,1878,12.8,44
noahpinion,3398,12.7,264
noahpinion,2769,12.8,144
noahpinion,1708,9.3,60
noahpinion,1995,11.2,116
noahpinion,1846,7.8,124
noahpinion,4924,12.2,89
noahpinion,358,9.9,12
noahpinion,2537,10.6,113
noahpinion,2197,10.6,34
noahpinion,2223,10.5,24
noahpinion,2901,10.3,56
noahpinion,4682,11.2,168
noahpinion,2214,10.2,176
noahpinion,1548,10.7,18
noahpinion,1567,9.4,60
noahpinion,1503,8.6,91
noahpinion,1817,10.1,65
noahpinion,1876,11.0,49
noahpinion,2714,10.3,40
noahpinion,2128,12.2,126
noahpinion,2248,11.2,64
noahpinion,2389,12.1,31
noahpinion,3299,14.0,32
noahpinion,2299,8.3,95
noahpinion,2268,9.9,35
noahpinion,5850,13.5,29
noahpinion,1954,8.1,29
noahpinion,2948,12.4,189
noahpinion,2227,10.8,124
noahpinion,1928,8.1,9
noahpinion,2067,8.8,105
noahpinion,1886,12.1,157
noahpinion,1613,11.2,59
noahpinion,2221,9.5,27
noahpinion,2836,9.3,180
noahpinion,3038,9.9,21
noahpinion,1531,11.2,94
noahpinion,1961,10.5,162
noahpinion,1284,13.2,63
noahpinion,1981,10.9,106
noahpinion,2352,11.8,74
noahpinion,1733,11.0,105
noahpinion,2334,11.4,44
noahpinion,1615,9.6,138
noahpinion,2857,7.3,225
noahpinion,3229,12.1,129
noahpinion,2998,10.5,37
noahpinion,1760,11.2,37
noahpinion,1426,9.7,85
noahpinion,1638,11.1,94
noahpinion,2510,12.3,102
noahpinion,1744,9.2,69
noahpinion,3195,10.5,67
noahpinion,2623,12.3,79
noahpinion,2155,9.9,41
noahpinion,2403,11.0,93
noahpinion,1617,11.2,76
noahpinion,2018,11.2,56
noahpinion,2923,9.9,25
noahpinion,1443,10.1,138
noahpinion,1898,8.6,103
noahpinion,2694,10.0,50
noahpinion,2150,11.0,55
noahpinion,2861,9.8,34
noahpinion,2064,10.3,29
noahpinion,2130,9.5,38
noahpinion,2477,10.8,49
noahpinion,3091,8.8,31
noahpinion,2194,12.4,44
noahpinion,1878,11.9,45
noahpinion,2812,10.5,62
noahpinion,3108,11.3,103
noahpinion,2657,11.3,51
noahpinion,1825,11.8,70
noahpinion,2934,8.3,63
noahpinion,1900,12.0,74
noahpinion,114,6.0,0
andrewsullivan,495,13.0,0
andrewsullivan,5014,9.6,0
andrewsullivan,2300,7.3,0
andrewsullivan,316,7.8,1
andrewsullivan,5544,9.6,0
andrewsullivan,4867,10.2,0
andrewsullivan,1659,9.9,0
andrewsullivan,2333,9.6,0
andrewsullivan,2249,8.9,0
andrewsullivan,4599,10.8,0
andrewsullivan,2545,7.4,0
andrewsullivan,1775,10.6,0
andrewsullivan,4324,9.3,0
andrewsullivan,2827,8.1,0
andrewsullivan,2198,8.7,0
andrewsullivan,4088,10.1,0
andrewsullivan,4303,10.4,0
andrewsullivan,2968,7.8,0
andrewsullivan,4108,9.5,0
andrewsullivan,2173,8.5,0
andrewsullivan,3594,9.6,0
andrewsullivan,2439,8.9,0
andrewsullivan,2520,9.4,0
andrewsullivan,3148,10.5,0
andrewsullivan,2903,8.7,0
andrewsullivan,2528,8.1,0
andrewsullivan,4006,9.7,0
andrewsullivan,4059,10.3,0
andrewsullivan,2757,9.6,0
andrewsullivan,2394,8.0,0
andrewsullivan,3458,10.4,0
andrewsullivan,2043,8.5,0
andrewsullivan,4048,9.4,0
andrewsullivan,2411,9.2,1
andrewsullivan,3878,9.2,0
andrewsullivan,2389,8.6,0
andrewsullivan,3782,9.1,0
andrewsullivan,2197,8.5,1
andrewsullivan,3330,8.3,0
andrewsullivan,2912,8.1,0
andrewsullivan,3862,8.0,0
andrewsullivan,138,10.8,0
andrewsullivan,2162,8.6,0
andrewsullivan,3217,8.8,2
andrewsullivan,2073,10.1,0
andrewsullivan,3253,9.8,0
andrewsullivan,2672,7.9,0
andrewsullivan,277,11.0,0
andrewsullivan,3798,9.2,0
andrewsullivan,1107,9.0,3
andrewsullivan,3839,9.2,0
andrewsullivan,3301,7.7,2
andrewsullivan,3745,9.2,0
andrewsullivan,2787,9.1,0
andrewsullivan,4110,9.2,0
andrewsullivan,2912,8.4,0
andrewsullivan,3343,9.8,0
andrewsullivan,2490,7.0,2
andrewsullivan,3858,9.0,0
andrewsullivan,3025,8.7,0
andrewsullivan,3920,9.7,0
andrewsullivan,3064,9.4,6
andrewsullivan,3662,9.4,0
andrewsullivan,2560,8.2,1
andrewsullivan,1593,11.4,8
andrewsullivan,3477,11.7,0
andrewsullivan,2010,8.5,2
andrewsullivan,4317,9.5,0
andrewsullivan,3175,8.6,0
andrewsullivan,1787,11.1,8
andrewsullivan,4266,9.7,0
andrewsullivan,3568,8.9,0
andrewsullivan,3598,8.9,0
andrewsullivan,3864,9.8,0
andrewsullivan,4047,8.8,0
andrewsullivan,3714,9.4,1
andrewsullivan,3452,8.4,18
andrewsullivan,4121,9.8,0
andrewsullivan,2068,10.3,6
andrewsullivan,4013,8.5,0
andrewsullivan,3089,9.1,12
andrewsullivan,4361,9.7,8
andrewsullivan,4134,9.4,0
andrewsullivan,3688,9.8,0
andrewsullivan,3519,8.8,2
andrewsullivan,4411,9.0,0
andrewsullivan,3311,9.6,0
andrewsullivan,3599,9.9,0
andrewsullivan,3790,10.1,14
andrewsullivan,86,7.6,0
andrewsullivan,3826,10.1,0
andrewsullivan,4436,9.1,1
andrewsullivan,3757,9.8,0
andrewsullivan,2590,9.3,0
andrewsullivan,2688,9.4,1
andrewsullivan,4043,9.7,0
andrewsullivan,3972,9.4,0
andrewsullivan,2927,7.8,2
andrewsullivan,3347,8.3,2
andrewsullivan,4520,9.7,0
andrewsullivan,4167,10.5,0
andrewsullivan,2747,7.8,0
andrewsullivan,4284,10.7,0
andrewsullivan,3218,8.3,0
andrewsullivan,4089,9.1,0
andrewsullivan,2657,6.9,0
andrewsullivan,3993,8.9,0
andrewsullivan,2430,9.5,1
andrewsullivan,7587,6.4,0
andrewsullivan,3626,10.2,0
andrewsullivan,2591,8.7,1
andrewsullivan,3678,9.8,0
andrewsullivan,2507,9.2,2
andrewsullivan,4386,9.2,0
andrewsullivan,2972,7.6,1
andrewsullivan,3515,9.0,0
andrewsullivan,2672,9.1,0
andrewsullivan,4586,10.1,0
andrewsullivan,3092,8.4,2
andrewsullivan,3111,8.3,0
andrewsullivan,3864,8.2,25
andrewsullivan,739,8.1,0
andrewsullivan,3937,9.6,0
andrewsullivan,3087,8.1,0
andrewsullivan,3546,9.5,0
andrewsullivan,2541,7.8,0
andrewsullivan,3696,9.3,0
andrewsullivan,2453,9.1,2
andrewsullivan,3126,9.0,0
andrewsullivan,3818,9.3,0
andrewsullivan,2712,8.8,0
andrewsullivan,3954,9.6,0
andrewsullivan,3251,10.1,0
andrewsullivan,3021,9.2,1
andrewsullivan,3538,9.3,0
andrewsullivan,2719,7.8,2
andrewsullivan,3254,8.8,0
andrewsullivan,3444,8.5,0
andrewsullivan,2665,8.7,3
andrewsullivan,3275,9.6,0
andrewsullivan,2526,11.5,19
andrewsullivan,2674,9.3,0
andrewsullivan,3514,8.0,0
andrewsullivan,2788,9.0,1
andrewsullivan,3004,8.7,0
andrewsullivan,3683,7.7,0
andrewsullivan,3741,9.2,0
andrewsullivan,2694,9.1,0
andrewsullivan,3390,10.1,0
andrewsullivan,3438,8.2,0
andrewsullivan,3833,8.3,0
andrewsullivan,3415,8.5,0
andrewsullivan,3392,7.4,0
andrewsullivan,4060,8.9,0
andrewsullivan,3516,9.2,0
andrewsullivan,3589,9.4,0
andrewsullivan,4104,8.5,0
andrewsullivan,2587,8.6,0
andrewsullivan,3473,8.7,0
andrewsullivan,3763,9.4,0
andrewsullivan,1676,7.1,0
andrewsullivan,3608,9.0,0
andrewsullivan,3253,9.1,0
andrewsullivan,14507,8.2,0
andrewsullivan,1840,9.6,0
andrewsullivan,3416,9.1,0
andrewsullivan,5733,8.6,0
andrewsullivan,3803,9.0,0
andrewsullivan,4206,10.0,0
andrewsullivan,3224,7.6,0
andrewsullivan,10579,8.3,0
andrewsullivan,16741,8.2,0
andrewsullivan,17056,4.5,0
andrewsullivan,4448,9.3,0
andrewsullivan,3691,9.0,0
andrewsullivan,2642,131.3,0
andrewsullivan,2970,9.7,0
andrewsullivan,2543,9.0,0
andrewsullivan,3895,7.7,0
andrewsullivan,13166,5.4,0
andrewsullivan,2862,8.0,0
andrewsullivan,3970,9.3,0
andrewsullivan,10401,6.9,0
andrewsullivan,2816,9.7,0
andrewsullivan,3945,9.1,0
andrewsullivan,14810,8.8,0
andrewsullivan,10078,5.8,0
andrewsullivan,3000,7.7,0
andrewsullivan,3610,7.6,0
andrewsullivan,4851,10.5,0
andrewsullivan,3114,9.3,0
andrewsullivan,3807,7.1,0
andrewsullivan,15787,6.6,0
andrewsullivan,3346,10.0,0
andrewsullivan,4345,8.5,0
andrewsullivan,431,8.1,0
andrewsullivan,3272,9.3,0
andrewsullivan,3298,9.1,0
andrewsullivan,13889,7.3,0
andrewsullivan,4912,9.1,0
andrewsullivan,3175,8.4,0
andrewsullivan,11095,6.5,0
andrewsullivan,2993,9.0,0
andrewsullivan,2912,9.6,0
andrewsullivan,17297,5.6,0
andrewsullivan,4586,9.8,0
andrewsullivan,4332,9.2,0
andrewsullivan,3152,10.6,0
andrewsullivan,12516,9.0,0
andrewsullivan,5640,8.9,0
andrewsullivan,2914,9.6,0
andrewsullivan,14329,7.4,0
andrewsullivan,5686,9.0,0
andrewsullivan,3736,9.8,0
andrewsullivan,15199,6.2,0
andrewsullivan,4273,8.8,0
andrewsullivan,2766,8.4,0
andrewsullivan,17244,7.3,0
andrewsullivan,3616,8.5,0
andrewsullivan,3658,8.6,0
andrewsullivan,5969,8.1,0
andrewsullivan,16479,6.7,0
andrewsullivan,3147,8.5,0
andrewsullivan,11877,6.5,0
andrewsullivan,4910,8.4,0
andrewsullivan,3252,7.9,0
andrewsullivan,14167,6.2,0
andrewsullivan,5524,9.0,0
andrewsullivan,3188,8.4,0
andrewsullivan,13096,7.3,0
andrewsullivan,5271,8.8,0
andrewsullivan,3577,8.9,0
andrewsullivan,14715,6.7,0
andrewsullivan,4895,8.8,0
andrewsullivan,2721,9.1,0
andrewsullivan,3038,8.6,0
andrewsullivan,7122,9.2,0
andrewsullivan,3023,9.6,0
andrewsullivan,13535,6.9,0
andrewsullivan,3344,10.3,0
andrewsullivan,8553,9.1,0
andrewsullivan,2961,7.6,0
andrewsullivan,6254,8.6,0
andrewsullivan,3347,8.5,0
andrewsullivan,4331,8.8,0
andrewsullivan,2329,9.5,0
andrewsullivan,7044,9.0,0
andrewsullivan,3396,8.8,0
andrewsullivan,6271,8.9,0
andrewsullivan,11426,5.4,0
andrewsullivan,2873,8.7,0
andrewsullivan,3907,7.3,0
andrewsullivan,9745,8.4,0
andrewsullivan,4668,8.6,0
andrewsullivan,3071,8.7,0
andrewsullivan,3797,9.8,0
andrewsullivan,5372,9.0,0
andrewsullivan,2482,9.2,0
andrewsullivan,7372,9.2,0
andrewsullivan,13017,8.6,0
andrewsullivan,2397,9.4,0
andrewsullivan,2966,8.2,0
andrewsullivan,5718,8.2,0
andrewsullivan,3141,9.1,0
andrewsullivan,7584,8.4,0
andrewsullivan,3813,8.6,0
andrewsullivan,11511,10.1,0
andrewsullivan,2982,9.4,0
andrewsullivan,8138,8.5,0
andrewsullivan,3004,8.4,0
andrewsullivan,5463,8.4,0
andrewsullivan,2950,8.7,0
andrewsullivan,4477,8.5,0
andrewsullivan,4278,9.9,0
andrewsullivan,6416,8.4,0
andrewsullivan,3303,9.3,0
andrewsullivan,3142,10.8,0
andrewsullivan,8597,9.1,0
andrewsullivan,5666,8.2,0
andrewsullivan,3053,9.4,0
andrewsullivan,6699,9.1,0
andrewsullivan,3462,9.2,0
